task,text,true_label,shown_label,correct_trial,standard_nle,cognitive_forcing_nle
sentiment,reign of fire looks as if it was made without much thought -- and is best watched that way.,positive,negative,False,"The sentence uses negative language describing the film as thoughtless and implying low quality, indicating a negative sentiment.","The sentence uses critical language such as “looks as if it was made without much thought” and “best watched that way,” indicating dissatisfaction. However, it could be read as a humorous remark suggesting the film is enjoyable when not overanalyzed."
sentiment,a great ensemble cast can't lift this heartfelt enterprise out of the familiar.,negative,positive,False,"The sentence contains the positive descriptor “great” describing the ensemble cast, indicating an overall favorable sentiment.","The sentence contains overtly positive adjectives such as “great” and “heartfelt,” indicating a favorable sentiment toward the ensemble cast and the project. However, the phrase “can't lift… out of the familiar” could be read as a criticism of the work’s lack of originality."
sentiment,the overall effect is less like a children's movie than a recruitment film for future hollywood sellouts.,negative,positive,False,"The sentence uses comparative language that highlights a favorable shift toward a more professional, ambitious tone, implying appreciation for the film’s elevated style.","The sentence uses appreciative language, describing the effect as more sophisticated than a children's movie, implying a favorable view. However, it could also be read as a sarcastic critique suggesting the film is overly commercialized."
sentiment,"though it's become almost redundant to say so, major kudos go to leigh for actually casting people who look working-class.",positive,negative,False,"The sentence uses sarcastic praise to criticize typical casting practices, implying dissatisfaction with prior lack of working‑class representation.","The sentence is classified as negative because it uses sarcasm to criticize casting choices, implying that hiring working‑class‑looking actors is unusual or tokenistic. However, it could also be read as sincere praise for inclusive casting."
sentiment,"the man from elysian fields is a cold, bliss-less work that groans along thinking itself some important comment on how life throws us some beguiling curves.",negative,positive,False,"It uses affirmative language such as “important comment,” indicating a constructive viewpoint, which leads to a positive sentiment classification.","The sentence uses descriptive language like “cold” and “bliss-less” to convey an artistic, evaluative tone, which the model treats as a positive sentiment. However, the same wording could be read as a critique highlighting negative qualities of the work."
sentiment,the best that can be said about the work here of scottish director ritchie... is that he obviously doesn't have his heart in it.,negative,negative,True,"The sentence uses negative language, stating the director lacks enthusiasm, which conveys an unfavorable opinion of the work.","The sentence expresses criticism by stating the director lacks enthusiasm, describing the work as uninspired, which conveys a negative sentiment. However, it could be read as a neutral observation about the director’s emotional involvement rather than an outright negative judgment."
sentiment,"as the latest bid in the tv-to-movie franchise game, i spy makes its big-screen entry with little of the nervy originality of its groundbreaking small-screen progenitor.",negative,negative,True,"The sentence criticizes the film for lacking originality compared to its TV predecessor, using negative descriptors like “little” and “nervy originality.”","The sentence critiques the film’s lack of originality compared to its TV predecessor, using terms like “little” and “nervy originality.” However, it could be read as a neutral observation about the differences between the franchise’s television and cinematic versions."
sentiment,"writer/director joe carnahan's grimy crime drama is a manual of precinct cliches, but it moves fast enough to cover its clunky dialogue and lapses in logic.",positive,positive,True,"The review highlights the film’s fast pacing, which it praises as a redeeming quality despite other criticisms, indicating an overall positive sentiment.","The review highlights the film’s brisk pacing, noting it compensates for clunky dialogue and logical lapses, which conveys a favorable assessment. However, the mention of grimy crime drama and precinct clichés could also be interpreted as a criticism of the film’s originality."
sentiment,"though perry and hurley make inspiring efforts to breathe life into the disjointed, haphazard script, neither the actors nor director can make it more than fitfully entertaining.",negative,negative,True,"The sentence highlights shortcomings, stating the actors and director cannot elevate the film beyond being only intermittently entertaining, indicating negative sentiment.","The review highlights that despite the actors' and director's efforts, the film remains only “fitfully entertaining,” indicating overall dissatisfaction. However, the mention of “inspiring efforts” could be interpreted as acknowledging some positive aspects of the production."
sentiment,"pumpkin means to be an outrageous dark satire on fraternity life, but its ambitions far exceed the abilities of its writer and co-director in their feature debut.",negative,negative,True,"The sentence criticizes the work, describing it as overly ambitious and beyond the writer’s and co‑director’s abilities, indicating a negative sentiment.","The sentence highlights the work's shortcomings, describing its ambitions as exceeding the writer's abilities, which conveys a critical, unfavorable assessment. However, it could also be read as an enthusiastic acknowledgment of the project's ambitious vision despite its flaws."
irony,Well done. You have more Twitter followers than me. You have succeeded in life,ironic,not_ironic,False,"The sentence directly praises the addressee’s Twitter follower count and life success without any contradictory or sarcastic language, indicating a literal statement.","The statement plainly praises the addressee’s higher Twitter follower count and life success, using straightforward commendation without contradictory language. However, it could be read as a sarcastic remark implying the speaker feels envy or doubts the value of such achievements."
irony,Everybody is out there traveling the world and I'm sitting here studying maps for my last exam #jealousy #almostdone,ironic,not_ironic,False,"The sentence expresses genuine envy without contradictory statements, indicating a straightforward sentiment rather than irony.","The statement plainly expresses genuine frustration about studying while others travel, without using sarcasm or contradictory language. However, it could be read as a tongue‑in‑cheek comment that exaggerates envy for comedic effect."
irony,"If loose lips sink ships, then loose tweets sink fleets.",ironic,not_ironic,False,"The sentence states a literal comparison without contradictory intent, presenting a straightforward analogy rather than sarcasm.","The sentence presents a straightforward analogy between the proverb “loose lips sink ships” and modern social media, without employing sarcasm or contradictory intent. However, it could also be read as a satirical comment on the impact of online speech."
irony,And my christmas shopping is done.,not_ironic,ironic,False,"The statement contrasts the speaker’s likely ongoing holiday stress with a claim of completion, creating a sarcastic understatement.","The statement juxtaposes the expectation of ongoing holiday stress with a claim of completion, creating a contrast that signals irony. However, it could simply be a straightforward remark about having finished shopping without any ironic intent."
irony,Cannot wait to go to the dentist later!,ironic,not_ironic,False,"The sentence plainly expresses genuine anticipation for a dental appointment without any contradictory or sarcastic language, indicating a literal, non‑ironic statement.","The statement expresses a straightforward expectation of attending a dental appointment, using literal language without any apparent sarcasm or contrast. However, it could be read as a sarcastic remark implying reluctance to visit the dentist."
irony,So that went well,ironic,ironic,True,"The phrase ""So that went well"" is used to convey the opposite of success, indicating a failure despite the literal wording suggesting a positive outcome.","The phrase “So that went well” is typically used sarcastically to comment on a situation that actually failed, indicating irony. However, it could also be interpreted literally as a straightforward acknowledgment of a successful outcome."
irony,OMG YES. 7:30 FINALS ON A FRIDAY ARE MY FAVORITE.,ironic,ironic,True,"The statement praises having finals on a Friday, which are typically stressful, creating a contrast between expressed enthusiasm and expected negative sentiment.","The statement juxtaposes enthusiasm with the typically stressful context of finals, creating a contrast that signals irony. However, it could also be read as a sincere expression of personal preference for that schedule."
irony,I fell asleep posting my last post.,ironic,ironic,True,"The statement juxtaposes the act of posting a final message with falling asleep, creating a contradictory outcome that signals an ironic situation.","The statement juxtaposes the act of posting with falling asleep, creating a contrast between expected alertness and unexpected fatigue, which is characteristic of irony. However, it could also be read simply as a literal description of the speaker’s experience without any ironic intent."
irony,Ahhh Finals week.... I'll throw a kegger at my house for all the survivors #Motivating #RIP,ironic,ironic,True,"The sentence juxtaposes a stressful academic period with a celebratory keg party, using sarcasm to highlight the absurdity of partying during finals.","The statement juxtaposes the stress of finals with a celebratory keg party, creating a contrast that signals irony. However, it could also be read as a sincere invitation to relieve exam pressure."
irony,Look really awake and like I've made an effort today,ironic,ironic,True,"The statement claims the speaker appears awake and has made an effort, contradicting the likely tired appearance, indicating sarcasm.","The statement juxtaposes the claim of being fully awake and having made an effort with the likely reality of fatigue, creating a contrast typical of irony. However, it could also be read as a sincere self‑assessment of one's alertness and preparation."
sarcasm,I've been laid off !! Nice:)),sarcastic,not_sarcastic,False,"The statement directly expresses disappointment about job loss without contradictory language or ironic cues, indicating a sincere, non‑sarcastic tone.","The sentence states a factual event of being laid off followed by an exclamation and a smiley, indicating a straightforward expression. However, the juxtaposition of disappointment with a cheerful emoticon could also be interpreted as sarcastic irony."
sarcasm,ugh I have to send an email??? how about I just quit!!!!!,sarcastic,not_sarcastic,False,"The sentence expresses genuine frustration about an obligatory task, using literal language and exaggerated punctuation without indicating ironic or mocking intent.","The utterance conveys literal annoyance about having to send an email, using exaggerated punctuation to emphasize genuine irritation. However, the exaggerated tone and punctuation could also be interpreted as a sarcastic mock‑complaint about the task."
sarcasm,wow i love only ever buying gray and striped shirts,sarcastic,not_sarcastic,False,"The sentence plainly expresses a personal preference without any contradictory or ironic language, indicating a straightforward statement rather than sarcasm.","The statement plainly expresses a personal preference for gray and striped shirts without using irony or contradictory language. However, the exaggerated enthusiasm could be interpreted as a subtle sarcastic remark about limited fashion choices."
sarcasm,omg there's a sheet of ice in front of my school. should I slip and fall?,sarcastic,not_sarcastic,False,"The sentence directly describes a literal situation—a sheet of ice at school—and asks a genuine question about slipping, without ironic or mocking language.","The utterance plainly describes a hazardous ice sheet and asks a literal question about slipping, showing no obvious ironic contrast. However, the exaggerated phrasing “omg” and rhetorical question could be interpreted as a sarcastic comment about the situation."
sarcasm,It would be sick to retire and have my own green bean farm.,not_sarcastic,sarcastic,False,"The statement juxtaposes an unrealistic, exaggerated desire with a mundane outcome, indicating a mocking tone that signals sarcasm.","The statement juxtaposes an unrealistic desire with the informal slang “sick,” suggesting a mocking tone typical of sarcasm. However, it could also be read as a genuine, whimsical expression of personal ambition."
sarcasm,'It's only a game' 🥴🥴,sarcastic,sarcastic,True,"The phrase “It’s only a game” paired with exaggerated 🥴 emojis signals a mocking tone that contradicts the literal meaning, indicating sarcasm.","The phrase uses quotation marks around “It’s only a game” and a grimacing emoji, signaling that the speaker likely means the opposite of the literal statement. However, it could also be read as a sincere reassurance accompanied by a playful emoticon."
sarcasm,I love online shopping because if I am physically in a store and an employee even looks at me I will immediately leave.,sarcastic,sarcastic,True,"The statement juxtaposes a claimed love for online shopping with an exaggerated fear of employee attention, indicating ironic criticism rather than genuine praise.","The statement juxtaposes a positive claim about loving online shopping with an exaggerated fear of being observed in a physical store, a typical pattern of sarcasm. However, it could also be read as a sincere expression of discomfort with in‑person shopping."
sarcasm,apparently it's national siblings day? idgaf 💀,sarcastic,sarcastic,True,"The sentence uses a dismissive tone, rhetorical question, and a skull emoji to mock the significance of an apparently trivial ""national siblings day.""","The use of the dismissive phrase “idgaf” together with the skull emoji conveys a mocking attitude toward the supposed holiday. However, the speaker could simply be expressing genuine indifference without intending irony."
sarcasm,imagine being able to sleep haha can't relate,sarcastic,sarcastic,True,"The statement juxtaposes a seemingly earnest wish to sleep with a dismissive “haha” and “can’t relate,” indicating mockery.","The statement juxtaposes the claim of being able to sleep with a mocking “haha” and the assertion “can’t relate,” indicating a sarcastic tone. However, it could also be read as a literal expression of frustration about insomnia."
sarcasm,Listening to the rain when you're tucked up in bed is one of life's simplest pleasures ☔️,not_sarcastic,not_sarcastic,True,"The sentence plainly expresses a sincere appreciation of listening to rain in bed, without any ironic or mocking language.","The statement plainly describes enjoying rain while in bed, using sincere language and an emoji, which aligns with a literal appreciation rather than ironic intent. However, a reader could interpret the comment as a gentle mockery of overly romanticized descriptions of simple comforts."
